p^[[bit],ߍݗ[%],PSNR[db],藦[%]
8,100.0,51.13157143044206,4.0087890625
16,50.0,56.35111154477573,2.410400390625
32,25.0,60.484073995253205,1.861328125
64,12.5,63.74287786388304,1.7578125
128,6.25,67.41942991155874,1.5078125
